komentarClean,cluster
gubenurnya benerin jalan sayang uangnya buaat keluarga,10
jalan arah kmna kartu keluarga,10
jalan bagus kartu keluarga,10
spil orangnya kartu keluarga jalan garasi,10
emng kartu keluarga daerah inhu kebun ortu belilas masuk asli jalan hancur parah habis hujan mobil,10
gas kartu keluarga mobil elit jalan sulittt,10
air molek kartu keluarga jalannytp jalan potongnyasoalny pernh kesana,10
ne jalan belok kiri simpang raya kartu keluarga,10
jalan air molek kartu keluarga pintas,10
kartu keluarga jalan arah kuantan tenang,10
jalan kota kartu keluarga,10
olun jo elok an jalan kartu keluarga,10
klw salah jalan kuala cinako kartu keluarga,10
lumpur lapindo jalan negeri liburan keluarga,10
permainan calo jalan,10
pantesss liat dinas jalan kota minggu wkwkw trnyata,10
jalan jalan miliaran gituu,10
rapat nga ngong nga ngong dinas jalan,10
kmn jaman bahela jalan,10
jawa jalan jalan timur indonesia,10
pelatihan modal usaha latih dikasih modal mo jalan,10
desa q pengaspalan jalan rumah q panjangnya mtran biaya juta cmn mengaspal tok,10
tradisi jalan dinas rapat perjalanan dinas komisinya mangkannya pegawai suka jalan dinas,10
stunting mkan telur ayamyg jalan dinas makan telur caviar,10
studybandingnya dananya habis jalan lumayanlah uang mudah,10
ditempatku kader piknik jalan paksemuanya ditanggung,10
pakpns gaada perjadin jalan rapat hotel bintang nginep berhari isi poto bareng,10
jalan jalan perkampungan pandeglang rusakk mekarjaya cikole cikeper ancur,10
bupatinya bli mobil elit benerin jalan sulit,10
mulus jalan pandeglang,10
ampuuun eta jalan,10
anggaran jalan desa,10
inimah sawah jalan habis nuturisassi,10
irna narulita dimyati irnadimyati tips beli mobil menjangkau jalan rusak,10
masuk klapacagak kubang oleng telusuri jalan uhhhhh,10
munawirsyahidi iyeu jalan,10
gera kadie bantuan ngabau jalan,10
meni siga wahangan kiti eta jalan,10
daerah baturmah jalan baragus dipandeglang tibahela tara dihadean,10
bupatina gumelisteing te nele jalan,10
tembusin nyampe kp cegog beh jalan keren,10
itumah sungai jalan sungai lgi surut batu kerikil,10
aneh jalan daerah kab pandeglang,10
irna jalan oge bumbu pecel bae,10
jalan sunda wahangan,10
jalan handoyan gh ajur pisan,10
kadie yeh mang pang vidoken jalan urang kecamatan cibitung desa manglid,10
jalan desa jalan utama bolong sumur miara ikan,10
lurus daerah sayadesa tanjung jaya jalan desa citerep,10
cobi dambelken vt dei eta jalan nu rusak sareng bupati pandeglang anu nuju mancing,10
jalan ter indah paneglang,10
matak konslet mtorna jalan model kitumah,10
jalan rusakyg pakai motor salah jalan akai gps,10
hirup mewah jalan susah,10
jaka mantul pandeglang kota kampung jakabedul jalan jalur bedul,10
diperhatikan jalan pemkab pandeglang,10
janji nyanih bosss jalan kabupaten pandeglang betullll,10
haduh kaur dandan geulis laju bae hulap nempo jalan na,10
jalan kabupaten hahaha,10
jalan jalan negeri mantul,10
pantes bilang surut jalan kabupaten,10
kuat liat jalan naya,10
jakamantul bentul jalan,10
sekretariat presiden lihatlah sawah jalan jalan sawah,10
jalan sawah tandurin,10
eta jalan jiga gupakan kebo,10
alhamdulilah pandeglang subur jalan rusak,10
hiling terhalang jalan,10
jalan tulng bwang gmma,10
pahami pemerintahnya jalan capek mreka jalannya,10
rusak rusak jalan alternatif jalan utama mulus bolongan,10
kebanyakan balam ama metro jalan kota bagus,10
seputih ramangb rongsok parah jalan,10
jalan lintas kalteng lumayan berlubang lampung,10
mangka dek beli pesawat jalan lampung salam lmupung,10
kecpubia spil jalan rusak berlubang,10
keknya w jalan and alfamart bg hhh,10
waw lampung danau jalan,10
bus bus jelek busset jalan rumbia,10
bagus kolam jalan,10
jalan raya lohh bisabisanya diperbaiki,10
healing suka lampung bnyk wisata terhalang olh jalan,10
astaghfirullah tenggelam motor kubangan jalan,10
jalan mesuji ampun tobat,10
healing berenang jalan,10
kemarin dapet cewe lamteng mudik kekampungnya kayanya jalan ancur gq namanya jalan,10
bumi nabung rumbia amt tersiksa jalan,10
buset jalan desa bagusan jalan desa,10
detik lewatin jalan supir blg angkat kaki,10
mak jalan bgini marhamah jm rumah uti dket kota bgtu parah,10
jalan lampung parkour skolah psti brngkatnya jam set telat,10
meyah jalan skolh rusak parah bapakhuueemok besok meyah jalan dh bagus makasih yeew bapaksip peri,10
bro benerin jalan,10
barusan pagi jalan nth,10
jalan ancu mobil lewet susah,10
jalan gitukalau lumpur maca manakalau jalan,10
inpo jalan pintass arep nng gaya baruu rumbia dalane baikk skli,10
jalan banjir parah,10
belom jalan rawajitu,10
jalan pulang sekolah,10
jalan terminal purbalingga,10
jalan rusak heran lampung tmpt,10
jalan rafael bandar jaya hadir,10
jalan raya jalan kampung,10
imbang sma riauhujan jlan rusak anak skola pegi sekola jalan kaki kilo,10
nyobain wisata jalan lampung,10
jalan mancing berenang,10
enak loh healing kubangan jalan,10
gaya engga jalan,10
jalan kagak dipoles,10
jalan rumbia terkenalwisata jalan seribu lobang,10
ikram afro nihh ternak lele ditengah jalan,10
beneran jalan lampung seancur habis kena lava begimane jalan lobang segede kolam lele lampung dana apbd kah,10
jalan lautan dalem lautan jual kebutuhan,10
sekota seputih jalan kolam lele,10
gtudisni tmpatku jalan gang halus,10
males mandiin motor nginjak jalan langsung kotor,10
cipokan aspal sampek gigi cuil gara gara jalan cry,10
pppppttrd jalan cabean,10
cor jalan cm proses males lamaaaaaaaaa ngecor jalan aspal sehari langsung dipake,10
ciciiii tasyagabut an suah meliat jalan seranggam tok ee nampak ang,10
rawajitu woi jalan,10
jalan rumahku parah bubur,10
dirumbia males jalan jelek,10
jalan rawajitu behh,10
user jalan benteng,10
jalan arah sekolah,10
gamau benerin jalan jadiin waterpark pakk,10
wkwkw jalan dirumbia emng hancur gara mobil,10
lampung selatan jalan akses masuk desa nggk kunjung perbaiki diperbaiki timbun janji habis benerin,10
anothromii thaithe dkt jalan sklhh,10
jalan daerah gasi,10
asli woy rumbia parah jalannya metro jalan ancur,10
vrppp jalan rumag elo,10
gpp wisata jalan offroad,10
jalan dibenci mudikk,10
th menjelang puasa ziarah makam kakek dirumbiatp cape jalan disna diperbaiki,10
perbaiki ciri khas jalan lampung,10
ciri khass jalan lampung,10
pftt lawak jalan dipilih desa,10
bikin jalan elit benerin jalan sulit,10
seru andai jalan,10
asing jalan rupa kampung,10
alyakiwww kabar jalan yng jln tanjakan turun tanah merah bungkusmile johor haeduuu,10
jir jalan blumbang arah pabrik gula,10
njir rumah sekolah jalan kolam lele,10
jalan becek kalimantan tdklah buruk,10
salam jalan rusak wirata agung,10
jalan tol nomor perbaiki jalan kampung,10
lampung bos ternak lele jalan,10
jalan bratasena penyebrangan mi huhhh gemes,10
lampung jalan emng kalidadi kalirejo sendang jalanya susah lampung heran,10
kalok dente situ jalan an,10
emng semenjak jalan rumbia,10
penyembuhan jalan jalanterus jalanya stres,10
ampun obat jalan kota hancur pendalaman,10
arah jalan kubu tolong donk diperbaiki gubernur syamsuargubri hamil kesini takut brojol duluan gara jalan hjn,10
sad jalan kubu hancur,10
beli mobil listrik elit perbaiki jalan sulit,10
syamsuargubri kendaraan elit jalan sulit,10
lupa kondisi jalan,10
jalan tol jalan riau,10
yok ramai jalan riua tingkat prov n kab bangun,10
jalan daerah jalan kota arah bandara sudirman bagus ujung sudirman hancur,10
senggolnya jalan berlumpur,10
x riau parah x jalan,10
mobil elitperbaikan jalan suli,10
bangun jalan tanjung medan bagan batu,10
gasalah la bagus jalan km ytty,10
hancur jalan riau,10
jalan petapahan kasikan spill bossque,10
harap jalan riau perbaiki masgibranrakabuming jalan riau amatt rusak berharap,10
jalan bangau sakti panam dibenerin,10
jalan ibukota provinsi hancur kota,10
jalan siak bagus,10
merata jalan rusak riau,10
wkwkw gas lhbeli mobil listrik elitperbaiki jalan sulit,10
jalan riau parah,10
sekda dipanggil kpk kompromi bupati jalan riau mulus muncul bima riau didngr,10
jalan kandis parah,10
jalan riau hancur aspal aspal ditambal aspal setipis kulit bawang,10
jalan kab siak bguss,10
jalan pekanbarubyk jl rusak berlubang,10
jngn la jalan rusak,10
jalan kubu zaman umur bagus mulus lintas kabupaten,10
riau bos jalan riau b berlobang berdebu berair,10
uang boloin jalan tahan biat belik mobil listrik,10
jalan donk mobil listrik daerah bagan api sma kubucuakkss,10
yok sorot riau yok jalan masi mancing lele,10
jalan masuk desa kepenuhan jaya beuh sedappp tenan,10
jalan riau rusak perbaik uangnya beli mobil dinas,10
jalan simpang tb full debuh jalan asapal mekangkang rawan kecelakaan,10
riau minyak jalan wkwkw,10
km arah kerinci jalan rusak berlubang lubangnya dalem kasihan mobil bawak muatan perbaiki,10
jalan riau beginii heran lagii salam kuantan singingi,10
kabupaten riau jalan hancur,10
inhil rute pulau kijang kota jalan uuh mantul bosku sendiricuma era harto merasakan jalan berkualitas,10
tanda masuk wilayah riau jalan berlubang,10
pantesan jalan dikampungku goyang dumang penyebabnya,10
riau suaranya ank riau fidiokan jalan buruknya perbaiki lampung,10
gubernur jalan riau bnyk berlobang,10
nahhh mantapppppbawa mobil elit jalan kesini bagus,10
yukk viralin perbaikan jalan air molek,10
minyak minyak jalan rusak,10
mala jalan kerumahpake warna itam rumah abu abu,10
co pigi daerah morowali utara liat sadiki jalan so parutan kelapa,10
bupatinya tyakam cuman jalan lampu mati,10
vidio jalan kota palu,10
so brown sugar jalan leh,10
jalan daerahnya so bagus,10
parutan kelapa jalan provinsi lorong,10
jalan masuk desaku badero depe maso,10
jaringan jlk mati mati lampu jalan jelek,10
mii jalan lampu jaringan joo sa pulkam senang hatiku,10
bupati morowali utara so banggai kepulauan dp jalan babagitu,10
theresia fransisca warga morut mari kumpul jalan lampu samaaa senggol donk,10
jalan pt it tanggung pt tanggung pmeda,10
wkwkw kong kse tunju jalan hindari lobang dapa lobang,10
jalan trans provinsi kelola bos bupati,10
maaf jalan desa jalan masuj daerah it urusan pemda biasany rusak pt it tanggung pt,10
bkin pnya sulteng sigi bnyak jalan rusak perumnas tinggede beuhh,10
jalan sigi aspal sepotong kadang ditambal,10
jalan toli bambuan smpai pangi liat jaha seklai semntra proses jalanya,10
jalan lintas kabupaten tugas gubernur,10
benerharusnya wali kotakalo jalan provinsi bnyk keluhan lihat coment video,10
bsa membahayangkan gacuma perumnas tinggede sigi jalan rusak,10
sodaraa jalan so sawah,10
jalan doi mesua masyaallah toya toya mobil,10
jalan roviga rangah cek,10
hahaha btull wakakak kyknya video jalan ba debu,10
jalan tondo kiri bro,10
jalan tinggede bemn,10
jalan ba abu bru ba lobang,10
macetdebu jalan rusak lengkap,10
fyi jalan hirarkinya jalan tanggung pembangunan pemprov jlnnya jenis jalan kabupaten tanggung bupatinya,10
jalan trans sulawesi coy rusak,10
jalan trans sulawesi sulawesi,10
daya jalan trans sulawesi toli toli tompe rencana pekerjaan akibat tsunami,10
watusampu dikasi bae rusak jalan mobil kesana kemarii perusahaan,10
jalan rovigaa hamil situ lahiran dijalan,10
kau kab buol sulteng liat jalan lawan lawan lampung,10
jalan trans sulawesi urusan pwmwrintah daerah pemerinta desa skola,10
jalan urusan kades,10
klw jalan trans bagus lebar,10
iye kena aspal jalan rusak aspal,10
pelajari jalan tanggung kota tanggung provinsi hadi akun ig,10
jalan sigma kasih bagus,10
jalan trans parigi moutong mampir perbaiki whwhwh,10
sa pe kampung bae jalan,10
jalan kulawi pipikoro bersilaturahmi kasana liat depe jalan,10
kabar jalan polda selesai detik begitubegitu jalan,10
co main jalan labonu arah tolitoli,10
lalundu jalan hancur kyak lampung,10
desa masuk sulawesi jalan ttp amcur prah in trmsuk jln traspor tasi kmpng kmpung lihat aj desa lalundu,10
paluu mahh jalan baguss desanya kota raya,10
jalan kemorowali utarabiar lihat lnsung jalannya,10
jalan tinggede parah,10
gempa so lma so dri lee bru bae jalan,10
ba kaseh jalan urusan gubernur syg,10
palu ksian cuman sis aljufri diksi bae jalan so,10
nga foto kamari jalan ampna,10
ksh tunjukk jalan transnya kaka,10
lengkap commentnya pikir tdi jalan transtv,10
jalan stq bagus diaspal ulang jalan rusak teada diaspal cuakks,10
tabe kotanya desanya haga ngana b liat jalan rusak,10
jalan perumnas tinggede,10
kabupaten poso jalan rusak jaringan internet terbatas,10
sigi zona merah bae jalan co petobo balaroa co,10
jalan kotajalan desa,10
besok sa rekamkan jalan provinsi morowali kaka,10
iyoo t smo habis jabatan jalan perbaiki,10
jalan jalan watusampu kaksss,10
jalan lalundu liat jalan hancur,10
liat jalan btn griya vatutela ee,10
co lia kasana jalan desa paninggo kase bae,10
jalan tinomba hama so brp aspal,10
jalan kawatuna roviga tinggede jalan sausu masuk poso ggwp,10
halahh it jalan loli so tanam jagung donggala somo tanam pisang blobang jalan,10
huuu pakk jalan trans sulteng poso memprihatinkan,10
torang trans pendolo dpe jalan rusakk,10
jalan jalan bualemo,10
desaku jo dluu nga liat jalan so,10
jalan desa sulawesi toli toli aspal turun,10
mo liat jalan jalur duanya parigi bemana akar pohon soo menjalar jalan,10
tepatnya jln sulawesi kecamatan bualemo hahaee bkin sakit pinggang jalan situ,10
plng kampung kena ranjau jalan diam ahh,10
jalan desa berhak benerin,10
jalan objek wisata mantantimali jalannya jalan ronto ate,10
jalan parigi bru aspal,10
bupati parigi moutong jalan kayuboko so b pancing,10
kota palu coii pigi daerah sulteng dp jalan lebe soe lampung,10
jalan bangkep aduh liat jalanya,10
wkwkw liat desa nyaa jalan kolam,10
jalan morowali utara,10
jalan trans bajugan lobangnya sdikit,10
pigi desa kota kebanyakan bagus depe jalan,10
jalan jalan jalan kab ngakak maaf uang jalan kunjungi jalanjalan maksud leh,10
jalan desa wakai liat jalannya tda bguss,10
jalan penghubung bungku pesisirbahodopi,10
spill jalan morowali nihh,10
kecamatan gumbasa beh jalan mulus,10
separah lampung depe jalan bmna,10
tim suksesnya kah jalan tinggede so bole dihaga diperbaiki heddeh,10
dikota jalan bagus co kedaerah daerahnya mn bgini,10
jalan kabupaten bangkep bg,10
klu jalan kota jalan lintas provinsi bagiaannya walikot klu jalan lintas kab provinsi urusannya gubernur,10
bawa bahodopi aslinya liat depe jalan,10
bnyak nihh bahaskalo desa jalan kepala desanya memanfaatkan bantuan pusat,10
jalan morowali bangsekalian ajak gubernur,10
jalan daerah sigi rusak btw,10
jalan jalan garuda jalan kota salah akses bandara,10
co pi lia jalan palu tolitoli,10
jalan tagari lonjo baliase sma tinggede,10
kasian co jalan kabupaten desa abu le,10
liat jalan palolo,10
eh jalan mushola uwentira so bagus ulg kah,10
jalan desanya keren kota,10
iyo kotanya co jalan jalan napu poso jedag jedug nggak,10
yok yok jalan palu daerah sulteng spill sedkit jalannya,10
bahadopj liat jalan trans sulawesi bolong,10
milkqmildayry co jalan jalan panbar wkwkw murasakan enu ahahahahah,10
co jalan jalan panbar wkwkw murasakan enu ahahahahah,10
jalan jalan tolitoli,10
info jalan roviga,10
jj jalan jalan daerah lampung,10
cmn palu sorot co jalan jalan morowali,10
ibukota bos kmri ki sdkit toli masi jalan desanya memperhatinkan ap kampung kec dondo desa ogowele,10
desa tetangga aspal cman desa aspalpadahal suda turun material pembuatan jalan tarik angkut kmbali,10
cba jalan ketolai proyek aspal jalan belom kelar,10
jalan balaeaang tanjung,10
jalan purnawirawan donk,10
jalanjalan wilayah pedesaan jalan trans sulawesi rusak statusnya jln propinsi,10
gubernur disorot jalan garisnya kuning wkwkwkw kota,10
bagus bagus jalan,10
iye jalan ampana huuu bagus,10
minimal jalan roviga,10
ngakakk brutall co jalan tolitoli desa,10
jalan kampung kabar,10
lihat jalan desaku sulteng hancur,10
jalan ki kec banawa desa tanampulu maumi tubuh jembatannya jalannya nauzubillah,10
liat jalan ampibabolorong paregoabukan main bnyak pakudngn kawat durri jalantdk hilangakn,10
jln pantai barat kabupaten donggala maen pe jalan,10
jalan bagus kendalikan matahari,10
jalan taripa tentena,10
jalan morowali lampu mood moodtan menyala,10
liat jalan lalundu,10
jalan parut klpa,10
skali jalan kenapu eh,10
co jalan ampana sni spya bku lia jo jalan ba bintul,10
cek jalan tombolotutu,10
jalan toilii parahh bossssssss,10
jalan pante timur lia kamari jln,10
liat jalan dipante timur diperbaiki area kotaraya tinombala persatuan utara,10
jalur kota wajar cek jalan kelalunduorang hamil keguguran jalannya,10
minimal lampu jalan perbanyak ksian jlr stq situ,10
pdrb terbesar pulau sulawesi cek jalan bahodopi lihat semrautnya kehidupan,10
heran jalan lampung kota,10
kota dpe jalan gagaco pedesaannapa jalan b lobang so koleb deng pece,10
jalan purnawirawan aspalin,10
morut jo jalan pedesaan jln sapu ba air pece jembatan com kayu jalan transportasi malinopeleru beuh,10
jalan ki toli lembah bocor ban taro jalancry,10
jalan penghubung daerah behhh mataps lobang plus glombang,10
jalan jalan tinggede depe jalan bikin gugur kandungan terhitung dri abad brp,10
kamri jalan morowali utaradari beteleme jalan perbatasan sulawesi sulawesi selatannn behhhh parut klpamaju mundur lobangpat,10
ayok jalan le bahodopi jalan beuh,10
jalan okelah tinggal dibagusin makassar tolnya mallnya,10
liat buol le riki jalan kota ba lobang,10
jalan dilobmg ditambal,10
jalan ki kampung banjir hancur jalan anak sekolah masyarakat,10
lia jalan buol desanya lobang,10
nda urus jo jalan trans sulawesi pe jaha kota raya kwwkwk lawak cok pangi longsor jalan b gelombang jmbtn putus,10
in mw hancur motor so lewar djlan situ pdahal jalan trans,10
kau pigi liat jalan tinggede,10
jalan ditinggede perhatikan,10
jalan desa aspal senggol,10
jalan jalan ki lalundu,10
kotasaja kampung kaget jalan rmh suami parutan kelapa,10
jalan jalan sigi lubang lubang dijalan bekas likuifaksi jono oge perbaiki didesa lolu,10
kota ng maso desa desa ng makan jalan so bulu kodo hambur deng ba pece,10
jalan toli toli buol ancuuurrr,10
jalan jalan petobo,10
bilang situ tda jalan detik pertigaan napu tda bagus jalan kulawi,10
dp gigi mo senggol jalan luwuk ancor cm jln dpn rmhnya sj aspal,10
lucucoba kau cek jalan roviga hahaha lahir jalannya rupa jln offroad hahaha,10
siniko jalan jalan unaahaabuki nd usus turun,10
jalan kabsigi lubangnya,10
jalan kac balaesang tanjung bru liat motor pikul orng bru jalan,10
spill jalan desa,10
sulteng bnyk jalan rusak ba lobang ba gelombang aspal rupa ombak laut,10
jln pantai barat balaesang tanjung gaga skli jalan salah b jalan t seleding motor,10
sound adu jalan videonya adu kota,10
jalan lalunduu dp jalan kolam,10
banggai kepulawan jalan rusak banyk korban jatuh kendaraan kota makasih,10
jalan winong gabus ngremuk motor bolo,10
jalan tanjunganom kearah winong,10
wahhhh dalane mbedino lewati marai emosi jalan gabuswinong kerja diwinong jln ditambal sulam,10
pantura jalan bendar batangan rung rampungmbakk,10
blum jalan sukolilo prawoto,10
jalan gabus winong dikenal jalan dzikrullah pemerintah sengaja tekstur rakyat istighfar,10
jalan minto basuki,10
negeri jalan mgkn bawa ole dolar ajha ngagak peraturan,10
bahasa uang jalan negeri brokakakakakak,10
viralin jalan ninja,10
bc cari jalan pelicin,10
mmg hrs jurus terakhirviral jalan,10
system birokrasi negeri inu jalan,10
bnrkrn ndampingig byr pndamping nyambi cari jalan pintas nasib pndidikan,10
kesiapan aspek nol bagus rancangannyatp sdmnya dipersiapkanyg adasmua ngejar jalan pintasya dg kisi ujian,10
pingin dokter anakku jalan mencapainya amin,10
hidup jalan berduri paksa berjalan,10
buku jalan pembeliannya pakai kagak bayar buku ulangan sekolah zaman,10
bayar motor aman belanja nyaman timbang pulang jalan kaki laporan polisi rumit ruwet hilang,10
berhenti jalan toko jgpripitan langsung bunyiinpadahal rehatcek hp,10
jukir atm atm pinggiran jalan,10
klw cumn himbauwan anak tk bisalo teori turun jalan,10
buktikan jalan kedungsari kec tegalsari indomart,10
cak ayo turun jalan mobil sepeda motor dikawal kondisi surabaya nggak dikantor cak,10
apane bosdi jalan banyuurip alfamart indomaret jukir liarnyamau masuk alfamartindomaret malessoalnya kena pajek,10
jalan kaki alfa naek mobil,10
alfa mart indomart jalan dukuh setro biarkan liar lurahnya nyantai pol pp tindakkkk,10
ama jukir liar tanah pajak pbb bayareh main pungut duitnya jukir in street sisi jalan,10
ksh uang arahkan kawal jalan raya jaga arah aman,10
jalan bronggalan karang asem jukir liar alfa indomaret mohon ditindak gara gara uang indomaret sepi,10
ttp fungsinya kondisi jalan sempit rame tandai cuekin taunya bunyi tabrak mobil,10
armuji mhn info jalan oerr warga semanggi kesulitan akses masuk trima kasih,10
halaman mini marketharusnya gratismungkin bahu jalan,10
minggu was sekitaran surabaya gangster jalan waspada malam,10
kalocnga kasi mulut jalan,10
indomaret jepanjang jalan kedungsari tukang parkirnya maksa,10
izin mini market bilang gpp jalan kaki,10
ayo jalan kaki ratarata rumahnya,10
mohon bantu pakdi area jalan kedung cowek alfa indomart,10
kesel bayar dikawal nyebrang jalan langsung ditinggal,10
pencitraan urusan jalan aturan,10
jalan demak puluhan sisi arah jalan tembok dukuh titik,10
indomart alfamidi jalan endrosono wonosari surabaya utara ji,10
pasar keputran karuan jualan jalan raya pulang kerja macet tertibnya kunjungan pejabat,10
minimarket skitar jalan demak jalan rembang,10
walikota malang turun jalan pemkotmalang malangkotaparkir,10
mini market jalan kenjeran,10
jalan manukan minimarket toko sekitaran jalan manukan,10
cak taman seng ngisor suramdu diurus seh elek gatau diberseni jalan taman yo rusak kabeh,10
selamat pagi yth armuji ijin melaporkan jalan berlubangrusak jemursari arah rungkut ayani terima kasih,10
armuji daerah tembok dukuh jalan tidar jukirnyaa kasih marah kadang,10
jalan semarang stasiun pasar turi tanda larangannya monggo,10
dipinggir jalan mobil ditariki gpp sepeda motor meresahkan wkwkk,10
jalan kenjeran kapas madya setro armuji silahkan disidak,10
indoalfa jukir liar pelosok sby jalan pinggir jalan malak,10
surabaya utara jalan wonokusumo,10
jalan demak sak arat jukir liare,10
nang kawasan jalan raya ngagel rejo kidul barata jaya mayoritas akeh jukir liar njogo meksiko,10
rompi jukir langsung tindak jalan lahan dy mayoritas madura jukir,10
sby timur bosskuh jalan mulyosari,10
mohon maaf lahan parkirnya mengganggu jalan utama gratis,10
jalan raya demak berani ditertibkan madura titik alfamart indomret alfamidi lokasi berdekatan semuasidak,10
jalan putro agung jual buah pinggir jalan jukir liarnya nauzubillah beli buah menit turun mobil ditarik,10
cba cek lintasan jalan kereta api royal plaza besi berlubang membahayakan korban barusan,10
atm center warung pinggir jalan temen buka angkringan tbtb jukir liarkatanya pegang daerah,10
surabaya timur tepatnya indomaret semampir deket jalan merr,10
minimarket pinggir jalan,10
alfa indomaret alfa midi pinggir jalan raya jukir liarnya,10
indomart alfamart jalan kenjeran arah kenpark noh jukir uakeh,10
maaf pakdi jalan balongsarijalan manukanjalan lontardan disetiap minimarket area surabaya jukir liarmohon ditindak,10
lupa polisi cepek cak kadang suka nutup jalan putar aba jalan ambil posisi ngeri ketabrak cak,10
minimarket armuji jalan demak cafe minimarket atm tmpt jamu tmpt makan bhkn apotek tukang parkirnya,10
jalan banyuurip arah margomulyo mikir indomaret jln pogot,10
jalan dipo cak est est,10
mobil gppa menurutku bantuin ngeluarin jalan crash kalomotor,10
pengen ngaspal ulang jalan raya jemursari menur numpak motor kono koyok numpak jaran,10
alfamidi jalan menur portal perumahan manyar indah,10
daerah rembang jalan jepara minimarket,10
membantu membuka jalan rodo rame ttp kasih nyantai yo wegah takei,10
buka jalan alfamart indomaret jalanya arah,10
kmrin beli buah pinggir jalan putro agung tukang parkirnya,10
jukir disepanjang mini market jalan demak surabaya meresahkan,10
indomart spanjang jalan nginden semolo spt spt ter organisir,10
bali ubud pecatu daerah single fin jalan mamo canggu,10
kloq kayaq bali aman ndk brani jalan kepulau bali,10
aman jalan skitar meter sopir online titik penjemputan online dmn,10
terminal pesan ojek online abang ojolnya jalan enak ojek pangkalan,10
buenerr jalan meter nunggu ojek,10
teman dipaksa angkutan didorong masuk angkutannya niatnya jalan kaki,10
bali taman safari jalan smpe lmpu merah,10
kepalanya masuk tutup kacanya bwa jalan mobilnya,10
dizona ojek taksi ofline pesen online turun kreta jalan kaki pesen,10
takut jalan baliaturan darimana,10
bangun jalan raya polda polda,10
kena batamdia bilang bandara ikutin aturannyaaku jalan bandara,10
sebenernya bali sikalau pangkalan ojek jalan menjauh pesen ojol,10
kmaren bali sanursy ojek onlinetapigak pelabuhan langsungtapi jalan jalan rayayg pangkalan,10
jalan jalan negeri ajalah klu bgtz miralin takut kena undang undang,10
takut mahu bali layak bru rencana nk jalan cari ketenanganhu rehat,10
menjauh hotel mesen mobil online jalan kaki dikit mesen,10
ngeri jalan jalan kebali,10
alah bandara jambi taksi bandara parah ampe mesan daraaan online kota jalan dri bandara,10
bandung prnh online terminal bus bandung mobilnya deket area nunggu jalan takut dipalak,10
tempatku pakai radiuss ojol jalan kaki batas radius,10
bandara batam pesen online mobil turun alhasil jalan bandara grabcarnya,10
trasport online jalan keliatan pangkalan bilangnya dijemput sodara,10
ari pjr jalan tol,10
poldametojaya polisiindonesia kapoldajabar detikcom aman jalan,10
jalan tol setau tol cctv mobil rusak langsung datng patroli pemalakan,10
dibandara batam jalan kaki mesen taxol,10
stasiun kereta api jabodetabek ojek pangkalan ojek online jalan kaki stasiun,10
bogor stasiun ojol kudu kilo jalan lokasi,10
titip salam rekan ubudsampai jumpa jalan,10
pengalaman mudik perjanjian online jalan dikit stasiunterminal pemalakan,10
aturannya jalan km persen ojol,10
jabotabek penumpang jalan daerah stasiun,10
sumpah pnya pengalaman rela bandara jalan bandara segede,10
biarkan keliaran jalan,10
ketangkapmakaya cari uang jalan,10
nenek jalan larang penumpang mobil jaman berubah hidup,10
salut sma persiden bngn jalan tol manfatnya orng kurng mamapu,10
lgi rumah lgi jalan,10
masuknya jalan jongkok,10
yaallohhh tdur denger suara motor mobil kontrakanku dipinggir jalan brisik tdur suara motor,10
gempa dahsyat jalan tol rubuh ngeriiii,10
gempa roboh jalan tolnya kelar tinggal,10
greget suaminya jalan mint anterin bidan satpam suaminya crein,10
mertua suami gth jalan sendri,10
mertuaku mimilih jalan terbaik minggu cucunya lahir beliau meninggal,10
jm sore ketuban pecah kaga jalan pembukaan gemana kmrn sore bagus anakny kg ngpa,10
air ketuban habis jalan bidan lahiran normal bidan nyaranin rujuk mertua kekeh gamau,10
lahiran pecah ketuban duluan jalan motor cari makan larinya bidan bidannya nyuruh rujuk,10
jalan ganti suami beserta mertua,10
prnah ngalamin anak ktuban pecah kontraksi pembukaan satunya jalan sc,10
toren makan jalan,10
real jalan sepotong,10
masang toren didepan rumah makan jalan,10
rumah maju jalan terasnya,10
jalan tanah positif thinking,10
lomba makan jalan tetangga,10
garasi tampungan air makan jalan,10
rukun tetangga model x bentar bangun rumah ditengah jalan,10
toren air makan jalan,10
tegor hidup puluhan disni jalan,10
jalan masuk kedalam sertifikat,10
flores bnyak bunga tumbuh pinggir jalan,10
suka liat ofroad turs jalan raya aduh jalan raya lumpur,10
jalan kebun kesukaan pemotor trail,10
rawa jalan aspal negara kya rawa,10
wisata jalan keknya meresahkan,10
motor jalannya jalan kebun motor kebo,10
maen trail kalimantan bekas jalan tambang,10
motor panitia petunjuk jalan,10
suka motor trail kesempatan beli jalan khusus kendaraan papa,10
jalan arah ladangku rusak gara motor trail,10
amang kadieu off road dengklok loba jalan butut lumayan menantang jekeur motor trail,10
motoran hd an siii jalan motor,10
jalan lintas lampung bagus trail,10
seminggu event ngecamp situ kondisi hujan liat tanahnya rusak dipake jalan liat motor trail aduh,10
ker jalan raya ararogan,10
nanahaan bari nage jalan lega der momotoran kebon,10
turun turun jalan,10
mongo lewati dl gan lintas rengat tembilahan blg jalan bagus,10
jalan inhu parah oiiiapalagi arah pesantren khairul ummah parah jalan nga,10
masuk lbj jalan pogel,10
parah jalan lubuk batu jaya riau inhu,10
sebener jalan uda bagus la resiko pinggir sungai,10
buka kewajiban gubri jalan kabupaten pemkab urus,10
jalan bagus faktor alam ituu jalan aspal bijak gess,10
jalan gitugitu wkwkwkkw,10
lampung lampung kesini bahagia liat jalan,10
lembah dusun gading jalan pasir sialang jaya,10
jalan tembus air molek,10
wow jalan uji nyali,10
parah jalan hancur air deras,10
kito mingir yoku ndak mapuibarat kato satunya jalan surgo calon,10
jalan rusak riau,10
jalan lintas timur riau salut jalannya bagus,10
pov riau kab meranti kec tasik putri puyumerbau jalan rusak parahdulu jalan tanah sekrng jalan pasirblm prubhn aspal,10
rengat jalan daera situ tangkahan pasir batusalam batam berbenah,10
tinggal meter lebar nyasaya jalan,10
ondee baa riau bana jalan nan rusak,10
weleh jalan spek goib,10
jalan sirotulmustakim versi nyata,10
kesini jalan rusak,10
sumatra jalan jalan tangkahan,10
jalan itukrna pindah ktp,10
jalan desa jalan kota provinsi parah ditambah paret dg jalan,10
hahaha sumbar mrantau duri riau slalu patapahan auto jedaq jedug jalan hancur parah plus lobang,10
jalan thn jln rusaknya x,10
jalan terobosan air molek,10
jalan lintas inhu inhil,10
maaf jalannya bagus cman tepi danau rawasungai sbgainya kasih penahan tanan retaining walls jalan ambruk,10
jalan petelongan situ air molek,10
blom jalan kab tanha datah segaris kwwkwk,10
jalan riau aj koar koar soosmed sebelah,10
kebanyakan riau jalan bagus cuman yng longsor sungai,10
jalan tembus pasar air molek jalan bawa travel bukittingi tembilan,10
jalan pulaugelang,10
riau jalan rusak parah inhu inhil kubangan babi namakan jalan,10
tembilahan jalan turun beram langsung masuk parit,10
riau juara jalan terusak,10
jalan daerah menyindir pembangunan tol sumbar,10
jalan sirotol mustakim,10
kecebur auto alam akses jalan rumah bupati jalanya,10
lahh kenal ama jalan jalan arah atuk kuu,10
jalan sirotal mustaqim,10
klw slah jalan arah rengattembilahan,10
jalan dibelakang polsek airmolek,10
kuala cenaku pekanbaru simpang granit km jalan mulus semulusnya,10
jalan petalonganemang terkikis air sungai,10
jalan dkt petalongan,10
jalan kampong siapeeee,10
jalan air molek bukn,10
jalan pintas air molek,10
jalan rengat tembilahan nie salam anak guntung,10
jalan arah kuala kah,10
jalan lintas rengat kuala cinaku kh,10
dimana jalan tepi danau tepi laut minimal batu miring,10
ayok jalan sma kubu,10
kemolek situ jalan motong,10
jalan psj bos senggol,10
jalan muuluuusss bolong dikit maklum plisteran,10
musim ngaplot vt jalan,10
salah jalan mati berdiri lihat emank parah parah jalan inhu taubatlah klu jalan inhu,10
riau asli riau merantauke jalan lobang,10
riau allhamdulillah jalan tdmpt rusak kalicuna kadng kasihan desa kawan sekolah jaln rusak,10
jalan riau jatuh langsung mandi,10
tolong bantu jalan riau rusak parah memimilih,10
tarik motor mobil dibagikan lelang uangnya perbaikan jalan,10
hahajaa ngaku knyataan jalan kota kyak jaln ternak korupsi no bm bm kau,10
lubang jalan asik bah,10
jalan sialang potong,10
komplain ujian praktek sim jalan zigzag,10
awbimaxreborn tolong kritik riau bim jalan riau bagusin,10
jokowibgun lahliat pejabat mudmna jalan hancur,10
jalan riau viralin bolo jalan,10
jalan sakaratul maut,10
jalan lintas provinsi jalan biasanyabtw diriau jalan rusak full tanah,10
samsuar menjabat jalan dibiarin jalan kwalian arah belantik bpk alfedri menjabat jalannya bagus,10
madik lummayan jalan,10
jalan japura tembus pasar airmolek,10
satunya jalan sawitan,10
jalan benteng takeshi,10
desa kotabaru seberida keritang jalan berasa ternak ikan paus,10
kirain jalan fitur jalan diriau,10
jalan kerumah bupati bos senggol,10
jalan tembilahan melewati jembatan berasa mobil lagii anak tangga,10
tergantung bupatidsin ganti bupati bnyk jalan berbaiki,10
mobil listrik elite perbaiki jalan sulittt,10
nggak salah jalan tembilahan,10
bawa bawa riau bg jalan kabupaten provinsi hak membangun salahkan bupatimu wanita bupti terkaya riau,10
main peranap kolam jalan,10
inget nyemplung gelap lampu penerang jalan lampu motor,10
jalan aur gading kn,10
jalan pemotongan air molek,10
gara gara bima lampung provinsi berkuwar kuwar jalan propinsi jalan rusak,10
tepian kuanan arah jalan kerumah ane jalannya,10
masi bos jalan rokan hilir tanjung medan barat perna rasakan aspal jalannya tanah doank rusak kolam,10
riau lawan jalan palembang belom ngelawan,10
sebelahnya jalan alam,10
gubernur riau jalan hancur lebur,10
pulang pekanbaru tembilahan mutar simpang granit jalan aman,10
ayo warga riau kasih jalan parah,10
dipetalongan jalan desa jalan nasional,10
bagus jalan mode terbaru,10
nenek moyang pelaut pembalap makany jalan nggak bagusin nggak balap,10
jalan pintas japura,10
jalan pintas japura air molek,10
jalan petalongan,10
jalan desa petalongan,10
pemerintahnya gasanggup beneran jalan,10
cocoknya inhu jalan rusak tanam kelapa sawit menghasilkan duitbiar duitnya biaya cooor,10
tembilahan hacur x bahhh uda pandang jalan,10
jalan parah pematangsiantar,10
slah t jalan kantor kua,10
lobang jalan riau seindah lobang berjalan,10
kampung bupati riau situriau boss jalan rusak kemarin perbaiki,10
jalan enak tikungan kornering pulang berangkat kerja kornering,10
jalan riau obatt,10
tengok jaln rakit kulim jalan kecamatan kolam,10
kabar bupati sejagat alam semesta memperbaiki jalan,10
tuntut bupati jalan kabupaten,10
bupatinya nggak jalan darat,10
otw mulus jalan riau,10
jalan petaluangn bg,10
bagus jalan capek langsung mandi,10
kakbukan sungai raya japura masuk jalan rumah tua bupati,10
iyaaa parahhh jalan inhu nii,10
riau emng pernh jalan,10
gara gara alam aslinya jalan bagus,10
riau patapahan wajib ngeri jalan mobil berasa kebalik,10
jalan arah tembilahan dek,10
perasaan situ jalan,10
jalan rengat dri tembilahan banyakin berdoa pokoknya capek demo tiktok,10
jalan bagus tanah longsor,10
voral miyaj jalan rusak,10
jalan bgus kqcuman faktor alam jln rusak,10
jalan menunju tembilahan,10
jalan petalongan roboh plk,10
namanya jalan kematian,10
jalan inhil asli parah,10
jalan sekaratul mautnya inhu sialang jayakalau situ nak alam buatnya,10
engk bupati inhu bg tiktok kabarnya jalan semuadi inhu,10
rengatok besok lewatin jalan,10
jalan mw taluk kuantan kn,10
belilas jalan bagusgak riau,10
tinggal diinhu jalan beh,10
terkenal elit jalan rusak apalagicuaksss,10
jalan rengat tembilhan,10
jayak jalan sungai parit,10
jalan lintas sungai emng habis makan arus bro,10
jalan jalan kyak pematang reba tembus kuba,10
proses perbaikan kn jalan bnrin skligus riau ituu luas,10
mon maap jalan inhu semulus wajah bupatinya,10
pranap hancur oyy kukiah pranap lumayan hancur mangkin parah we danau pulang jalan,10
jalan habis digigit monster,10
riau jalan rusak provinsi,10
jalan lintas pasiransering,10
keren jalan kematian,10
maeeen nyawa aj jalan,10
gileeeee parah x lipat jalan lampung,10
jalan petalongan perhatikan,10
liat jalan peranap,10
jalan bupati petalongan,10
faktor alamgak lihat jalan bagusgara longsor aj,10
apalan sma jalan riau wkwkw,10
daerah indragiri hulubagian pangkalan kasai belilas jalannya terurus terurus jalan arah blok a,10
batam coy jalan gemge,10
dumai riau walikota hfaisal pembangunan jalan center islamic kota dumai,10
kerna alam jalan sebenar bagus cma abrasi,10
jaln petalongan jalan pintas air molek,10
ampun jalan terkikis gituh benerin ampun ahh,10
jalan potong pengambilan pasir,10
jalan peranap parah jugaaaaaa,10
ayo dukung kedepannya periode jalan besok udara,10
jalan rumah den umur den rencana aspal umur ala alun juo le,10
semalam jatuh motor jalan disitu,10
mobil elit jalan sulit,10
jalan masuk rumah bupatijalannya bagusitu gara longsor ajakalo liat parah mampir kecamatan rakit kulim,10
jalan sirotolmustakim,10
pranap jalan lobang gara gara tambang batu bara,10
japura jalan tembus air molek,10
kasih paham spil jalan rengat arah rumbai,10
logisnya jalan daerah rumah buk bupati inhu re huftt kepeclosan,10
jalan arah tembilahan rengat,10
jalan hambatan klw ngantuk auto hilang,10
apbd dipotong jalan dipotong parahhh,10
lupa videoin jalan teluk bagus lobangnya sumur,10
riau kayanya akses jalan jadikan wisata kolam lele,10
salah jalan deket kampung bupati,10
cok kota gueee jalan sapi,10
ayo jalan terbengkalai kota,10
jalan desa tinggal bupati ye,10
jalan malam kendaraan lampu enak,10
desaku geser jalan,10
jalan tempet uji nyali,10
jalan transmigrasi cuaca hujan waw,10
air molek cuman masuk jalan kampung,10
jalan film zombie,10
jalan pro pingir sungaimau ikot produk cina,10
jalan kerja pulang rumah aslinya hancur pilih muter simpang granit,10
jalan maaannttuuuuuull senggol,10
jalan bandara japura tembusan air molek,10
jalan bukit maraja,10
buka suara bimo mari post jalan,10
kikis air pemerintah bangun jalan bagustapi rusak alamtinggal cari solusi jalan kikis air,10
jalan arah tembilahan kah,10
rusaknya tumbuhin rumput pohon wow arti garis kuning putih jalan,10
ayo guys bongkar jalan rusak daerah presiden lihat,10
jalan bagus alam berhendak jalan bagus jalan besi sekuat dunia hancur,10
jalan dipinggir sungai,10
kren jalan kasih jempol,10
jalan potong japura keair molek,10
bagus jalan pemandangan riau dkt cinaku,10
bsok mlam brangkat boss mudahan lupa lubang jalan,10
jalan tahanan longsor korosi kena air,10
daerah sumatra jalan salah,10
inhil parah jalan wkwkk,10
emng jalan berubah masuk kota tembilahan nylebih bgs,10
sawit elit jalan sulit,10
horor bet jalan we,10
susah inhil jalan jalan,10
jalan kalimantan,10
jalan bagus pegang sumbar daerah pelosok terpencil bagus jalannya,10
jalan japura buk aduhhh,10
degdegan jalan dri rengat tembilahan,10
jalan riau lampung jalan lgsg viralin wk,10
jalan arah pulau jumat,10
jalan rengat tembilahan,10
pemilihan jalan strategis,10
jalan bolong puasa doi,10
jalan rumah bupati inhu senggol bupati rezitainhu,10
jalan rengat tembilahantepat daerah kuala cenaku,10
jambi kerincipadangriau jalan bagus lampung,10
jalan air molek japura,10
jalan belokan sungai tegerus,10
berpuluh jalan tanah tersenyum mengeluh kerusakan jalan mencicipi aspal,10
habis duitnya belik mobil listrik perbaiki jalan,10
layak cari alternatif jalan erupsi,10
liat vt jalan sebelumya vt guys,10
perawang wajib bahas bnyak jalan rusakk,10
jalan buruk bangga,10
ne jalan tembilahan rusak,10
gile bahaye bentar habis jalan,10
bupati gubernur buta tuli jalan pembangunan,10
best sealer mantappp tiktok lampung aspal jalan kota sewupesawaran cigalontanglampung timur riau menyusul,10
nampak jalan rusak pembenahan heran,10
konon jalan memakan korban jiwa,10
mobil elit jalan sulit cuakkkkk,10
dimana pelebaran jalan pelebaran sungai,10
jalan shirotul mustaqim ngeri,10
bilang riao debut batam jalan bagus meranti maaf meranti,10
kmrin komen ttg jalan kuala,10
jalan kuburan krajaan,10
klub malam kota metropolitan bnyak lubang berjalan prov riau bnyak lubang jalan,10
purplejekey jalan kau yo,10
mobil jalan biarin hahah,10
semoat pendatang jalan malam jalan situ fiks ketemu tuhan,10
tiktok isinya jalan rusak semuah,10
jalan nk kerumah bupati kah,10
nikmati dinas nggak lewati jalan,10
perna jalan situ malam malam makan cilok,10
jalan rumah ibunda bupati jalan lintas utama jalan motong longsor akibat proyek tambang emas,10
jalan tembus nay aer molek,10
memperbaikki jalan ea dana damm tanjung kerok alat berat,10
nlapsptsri yayakk jalan bailangu,10
njir dh segitu perasaan msih lobang jalan la,10
ntar provinsi jalan rusak dikit trend hduh,10
salah jalan slhkan,10
proyek gagal klu jalan pinggirnya kasi batu coran nahan jalanny roboh,10
jalan siak aman kahh senggol,10
semenjak bima berkoar situ la bermunculan vdio jalan buruk,10
windafranciska novatrinafsilsweethepwettiesvaa jalan pertalongan,10
jalan riau bagus rawan kecelakaan masak perbaikan jaunosandiunoofficial,10
klu hati jalan malam nyebur sungai,10
ayok gempar jalan ado provinsi,10
jalan malam bahaya,10
bisanya perencanaan jalan memperhatikan dinding penahan tanah main aspal,10
proyek jalan makanan empuk koruptor,10
jalan potong air molek,10
penghubung jalan rengat tembilahan boss senggol,10
jalan berlubang jalan digigit godzilla,10
jalan tepi sungaimalah dibikin pondasi dluiniparaaaih,10
minyak elit jalan sulit,10
jalan inhil kyaknya,10
psj pasir sialang jaya jalan potong arah air molek,10
semuaya jalan ditempat ditambal kemaren meninggal jalan berlubang malam lampu jalan rusak,10
anjay mulus jalan,10
jalan inhu inhil,10
ininyang jalan tembilhan,10
diperbaiki jalan,10
pinggir sungai dikasi beton penyangga jalan dak longsor,10
mendingitu usaha bupati jalan kena musibah longsor apalah bgitu,10
jalan rusak longsor sepenuh salah pemerintah riau,10
jalan mendekatkan sang pencipta,10
inhu jaman sd smpai umur kagk benernya smpai putus sekolah gara gara jalan jelek,10
ahahha jalan teluk bagus dbes,10
jalan riau bagus peresiden,10
semuannya aspalcor jlan jelek riau dk jalan abis hujan deres mobil cuman honda,10
jalan bolo rokan hilir ujung tanjung,10
jalan bgscuma abrasi sungai,10
jalan rengat mangkin parah,10
jalan faktor alam jalannya longsor,10
indragiri hilir jalan provinsi keren loh mobil truck cari google pulau burung indragiri hilir,10
riau jalan buruk bos lgi kecbatang cenaku,10
sayang mudik jalan kota tanah aspal cmn jln desa desa selebihnya tanah,10
jalan minass adaa bg haahha masukann jugaaa,10
jalan petalongan januari dinas air molek,10
cari jalan tanjung medan lautan coklat ygy,10
jalan arah sungai parit masuk simpang jalan,10
kaget cuy jalan ingu lubang lubang cuymana hujan jalan berpasir berlumpur,10
jalan sulit mobil gubernur elit,10
hilang separo jalan kite,10
longsor jalan bagus,10
cek jalan lintas riausumut,10
disedia jalan rusak minang riau,10
jalan inhu inhil boos senggol,10
bekekaturan barang haja ulah kritikan jua jalan dibelawang nyaman baiki,10
tikus jalan bolo,10
petalongan separa jalan peranap boss,10
jalan tepi sungai dam dunk air pasang jalan knak dslahin pemerintah lihat kondisi spt,10
jalan jalan temple run dahh,10
perkampungan jalan didaerah sumatra jelek,10
jalan sumatra jelek bagus kota,10
jalan arah japura air molek,10
jalan lintas ngapain diperbaiki buang anggaran,10
diliat video jalan bagus sayang kyknya pondasi pinggirnya nahan longsor,10
gara lampung pamer jalan jadu pengen ikutan fyp,10
jalan rengat sii,10
njir tinggal jalan,10
basrah peranap air molek kwansingagak spill dljln we ketepan jateng jalan lampung,10
jalan bgus cuman alam bagus,10
judul jalan sebelahsebelah hancur,10
mobil nyungsep gara jalan,10
mobil listrik jalan,10
jalan ap temple run,10
klau jalan disumbar perbaiki,10
perbaiki lahan sebelah dijadikan jalan darurat permanen trs,10
dana dipake jalan slurr,10
liat jalan pulau kijang,10
jalan lintas inhil zaman kabar pemerintah riau sibuk ngebuncitin perut,10
anjay nemu harta karun siasia jalan longsor nemu motorkan,10
bner jalan lobang mendingan runtuhan lonsor ginian serem woi,10
bupati terkaya jalan inhu hancur parah,10
mulus membahayakan longsor ditanggapin auto putus jalan lintas kab,10
anti longsor pembangunan jalan,10
wajar riau sawit akarakarnya jalan rusak pemerintah,10
plat merah elit jalan sulit,10
salah jalan ketemu tuhan,10
kakkalo wira swasta kakwalnya lelah jalan menguntungkanbisa bos,10
aspal korea hotmix tenaga kerjanya korea aspal jalan bisaitu bos mikir,10
berubah ditengah jalan perekrutan pppk tahap tes cat dimana tahap,10
maaf fokus angka jalan sistemny pengawasan pemantauan daerah,10
tender buku jalan,10
jalan disosialisasikan terpaksa dipaksakan,10
jalan programxnda tindak sekedar pembahasan,10
aduhh modal nekat terpar jalan,10
ttp make prestasi wlp jarak rumah sekolah jalan kaki langkah kurleb,10
tinggal jalan lurus nyampe sma,10
terpaksa jalan lho swasta,10
harga cuy ortu harga tercoreng anaknya masuk swasta jalan negeri why not,10
zonasii adill woerumah w deket ama sekolahan fav tapii jalan sawah google maps jalan diputerr rumah dng,10
smp rumahku sekolah smasmkma jalan satunya prestasi takut,10
iyaa suka jalan kaki ketimbang kendaraan pribadi,10
duitnya pejabat dpt big project jalan toll mindahin kota cuan,10
jalan salah satunya pengurangan kouta keguruan perguruan,10
jalan solusi terbaik,10
jalan ujian hadapai,10
jalan tuk kurnia meiga permudahkan urusannya,10
uang jalan negri konoha,10
bersyukur kelen susah makan tinggal ponggir jalan raya numpang hidup atap rumah bersyukur,10
iwan fals ksh uang jalan lancar,10
pengemis asli indonesia tepi jalan lohhh dimana,10
negara perbaikan jalan toldllitu kmrin sja kebanyakan tuhan marah kta dpr,10
website transfermarkt jalan,10
viralin ber efek jalan lampunh,10
jalan berenti sayang lanjutpun harapan,10
owner ojek jalan lingkungan sekolah,10
milih sekolah swasta jalan ninja,10
lu gaji umk umr jalan,10
honor ribu morowali kerja tambang tukang sapu jalan gajihnya juta,10
buuangnya masuk saku bumentang honorer pelosok perhatian baikberjuang jalan aspal kuning,10
susahnya jujur perjuangkan jalan lurus duduk kursi oknum pejabatnya pemerintahannya komunitas tikus negara,10
nyampe urat leher mu jalan,10
jalan transport lokal online,10
jalan bosque bali bali balige pemandangan danau toba indah lho,10
jalan berasa sekap,10
bandara batam jalan nyaa ajaa kejar,10
bali bankrupt berani jalan bali,10
jalan pintu taksi or ojek bus bandara terminal,10
jujur jalan cerita paham,10
driver nerima mmg aturan rela jalan kaki zona order,10
bapaknya jalan jalan bali,10
sepii pinggir jalan,10
tunda tunda jalan sore dirumah capek siang anterin paket,10
mao jalan nyari kopi,10
polisi kerjanya kebanyakan polsek ditempatkan kampung jalan mengamankan,10
polisi patroli jalan,10
dipikir logika patroli sll engga muter disitu polisi posisi jalan ditmpt,10
berpikir positif polisinya jalan segampang manggil polisi tkp lngsung dateng,10
keliatan cuman jalan,10
kasih portal ujung jalan malam tutup,10
sawangan bner sepi sii jalan,10
sebenernya ngamera gengster jalan sihh,10
jalan buhut kapuas bubur hujan jlnnya rusak parah trnyata,10
jalan tuhan buka kkn indonesia tebak,10
ketapang kalbar kapanudah muak lihat jalan bangunkekayaan alam habis,10
pantes jalan daerah kapuas burik,10
jalan daerah kapuas rusak,10
pantesan jalan kalimantan berlobang belom perbaiki uangnya,10
kalbar diperiksa jalan listrik mati terussssss nggak kemajuan,10
cucuk perbaikan jalan kada beketuntungan,10
namanya jalan kenangan,10
pantasan jalan kapuas barat hancur lebur perbaikan,10
hedeh pantes jalan tampat rusak perbaikan,10
pantesan jalan rusak broo,10
suka ngelarang cewe jalan temen cowonya larang block emng ti,10
uang jalan mengalah mskipun anggap sodaqoh fakir miskin rebu selamat berujung bui,10
mendoakan smoga jalan terbaik,10
selamat pagi kapolri mohon ijin disepanjang jalan nusantara tindakan pungli oknum polisi blh membidio tkmksh,10
husainyg membela yakiad jalan terbaik,10
jalan husien pwetolongan swt aamiinx yra,10
perlindungan saksi jalan laporan kriminal,10
orangb baikjujur indonesia dintumbangkan sabar husein jalan mencari rezeki ynwa,10
jalan terbaik mu,10
polisi tidur erah abang susah jalan polisi tidur,10
jalan jalan kalimantan timur bos,10
yakan juta ilang salah jalan masuk,10
uang jalan keretaku dilapor jejak,10
polisi medan bilang gda polisi malam polisi tidur bg jalan polisi tidur,10
lupa riau bg terkhusus pekan aman damai begal malam patroli jalan,10
polisi ngempain patroli malam donk pagi sore nonggol jalan,10
nhrynii mekmekkk fiks jalan malam,10
kerja polisi bertambah begal jalan,10
rumah mamak begal jalan rajawali hati sunggal disitu kejadian,10
sok hebat sekedar mmberi tips berkendara wajibkan ngebud jalan,10
jalan bandara kualanamu malam parah seremnya pulang kerja suka ngeri situ malam,10
minimal patroli cctv elektronik jalan mendenda,10
tahan tidur patroli jalan begal intel polisi tim pemburu preman,10
polisi kerjay apakalau polisi patroli jam jalan rawansaya kjadian,10
disetiap jalan polisi disetiap jalan polisi tidur,10
polisi gada uang jalan,10
bobbynasution dipantau polisi negara jalan gg adakan ronda malam warga resah please,10
wahhh akuuu apapun jalan pilih tuntaskan titik darah penghabisan,10
berkahnya loj masyallah jalan rejeki pejuang honorer insyallah sia sia,10
insya rejeki jalan,10
sabar insya ikhlas kasih rizki jalan,10
th sd ribu mb kuliah th gelar s pgsd hrapan pns kasih jalan pnghasiln,10
sisax tunjukin jalan,10
berkah insyaallah rezeki jalan,10
terbuka puntu rezeki jalan,10
sebulan kattep guru honorerttep tulusikhlas berbagi ilmuastungkarah rezeki dilancarkan jalan,10
perangkat sekolah pergi kola karya jalan enak,10
sma cpns serius nnya sdg mnunggu sidang skripsi dn jalan kdepannya,10
perbulan diperdalaman jalan jelek berjuang ngajar,10
bukk jalan ratakan,10
seru keadilan terang mencari jalan cahaya,10
hakim jalan berepegang teguh keadilan hukum berlaku,10
takutnya oplas ganti data pindah warga negara bisnis ttp jalan exsekusi ganti bayangkan,10
jalan roma amin amin amin,10
jalan diluar sel,10
editan jalan kedepan,10
palingan sambo skrang jalan,10
kamera jalan mundur gih,10
jalan jalan ploksoknya rusak pandeglang,10
pembangunan jalan pandeglang contoh kp sukarendahkeccikeusik,10
buanyak jalan rusak tahunan,10
jualan kampung hancuurr kp hamil lahiran jalan,10
pandeglang serba mahal jalan kmpung rorah percaya datanglah,10
jalan desa pandeglang salah namanya ciputri perbaikan jalan rusak,10
pandeglang pulang kampung jalan berubah batu,10
jalan melebihi jln lampung,10
kampung jalan rusak pandeglang kacau,10
insfrastuktur jalan sekolahan cari tercengeng,10
jalan rusak bnyak temukan daerah pagelaran pandeglang,10
jalan apun pandeglang teh lier,10
aing pandeglang jalan jega offroad,10
jalan tempatku kecamatan bojong rusak sd anak benerin,10
pembangunan jalan tida merata,10
hadir ey jalan pang goreng na yeh kidul,10
jalan allahitu tanjakan tegal kec picung kab pandeglangngeri bner ancur,10
jalan ancurrr lebur,10
angka kemiskinan mendominasiakses jalan hancur cur currr,10
mampir tiktok disituh jalan mulus loh,10
kemaren pantai ujung pandeglang tgr gila lubang jalan,10
pandeglang jalan pedesaan bagus rusak,10
jalan kampungnya diperhatiin meter beton meter ruak,10
pandeglang jalan betulin warga,10
bahas jalan jalan chanel lu maju,10
internetan sulit jalan ancur,10
asli pandeglang tinggal kp terpencil pasar jalur hutan akses jalan laluin jalan kaki,10
jalan kampung cepet bangun akses masuk mudah,10
lu jalan pandeglang kaget jalan raya menyatu alam,10
pandeglang jalan desa rusak kabeh,10
jalan kabupaten rumah tk sma dibenerin,10
jalan desa rusaknya,10
jalan desa leuwibalang kec cikeusik jalannya kabupaten berubah status ngedadak jalan desa jalannya rusak parah,10
teroosss kabpandeglangmasih banyk jalan desa ruksak parah aspal,10
jalan kabupaten banyan ajurrrr,10
jalan rusak masya beli velg oz touring pandeglang ampe penyok,10
jalan kampung berlubang jalan batuan,10
kab serangkampung perbatasan kabpandeglang jalan diperbaiki,10
lampu jalan mak ngerasain mondok lampu jalan gx motor lampu rusak gelap kanan kiri jurang ckckck,10
perbaiki jalan pandeglang hancurr,10
jalan rumah abah sd ampe kerja dibenerin,10
hoby jalan jalan belanja bupati,10
kekayaan bupatinya anggaran motor listrik jalan rusak kota pandeglang,10
jalan sempit kebon luas gunung tmpat wisata disana pabrik aman pns lumayan rumah bagus mewah nempatin,10
pandeglang wisata religi jalan kabupatennya ancur,10
kabupaten tangerang wtp terosss jalannya ancur mulu aspal desember februari ancurr jalan belom laennya,10
jalanan desanya off road lobangnya gededari gede perubahan jalan desanya,10
jalan lampung jelek,10
jalan kerumah nenek jelek aspal etda,10
mmg sosmed adl jalan keadilan,10
jalan keliatan jago,10
nyata nggak faskes tertera kartu nggak berobat faskes terdekat jalan kota,10
rawat jalan rawat inap selebihnnya rubah faskes perantau,10
fakta daftar pasien finger print verifikasi data pasien nga jalan,10
info rawat jalan spesialis fingerprint dijelasin manfaat trims,10
abdi mh rshs wartos mamah dioperasi lancar wae dugi kaayena berobat jalan,10
rshs klau rujukan faskes berobat jalan nggk,10
valid perumahan program misahin sampah diangkut disatuin tukang sampah jalan program,10
sistem penjualan sampah plastik desaku nggak jalan,10
boro milah sampah buang sampah sungai dipinggir jalan,10
jalan talang padang,10
jkw anggaran t anak stunting nyampenya t sisanya rapat jalan pejabat,10
dengerdenger bahan baku jalan,10
salah masuk jalan pangkalan,10
lulus sarjana pendidikan pengandaiannya dipersimpangan jalan and its me,10
daftar market place sertifikasi gp jalan gaji layak,10
kya cerita guruku bnyk guruternyata lulus jalan thn sedikitnemu alasannyapdhal citaaku guru,10
kr biaya guru lho korbankan uang pribadi ikhlas spy kur merd jalan,10
merdeka ngajar medang jalan jalan,10
sibuk kerja maunya jalan periksa telinga mata,10
mudahmudahan jalan terbaik,10
tv zaman siarannyajdinya w liat yt jalan,10
mak honor akses jalan lumpur test kmren pembagian tempt kesalahan server cry,10
ibuku terima kasih mewakili hati umur mengabdi pertiwi jalan taun honorer nyaman,10
ssh bajing loncatnya plihara mh bnyak begalan jalan sisa ampas,10
mengeluh telur butir ngambil gara hitungngan jalan desa ngambil butir bensin,10
heran insfratruktur jalan waykanan lampung ajuuurindonesia maju,10
cocoktapi kesindir jalan nambah mobil,10
pusatkalo jalan segitu,10
habis dri jalan korup dri chuaks konoha,10
jogjabali pokonya pulau jawa kunjungi bimtek rapat nyampe jalan aj,10
ak honorer prcayalah sisa uang sharusnya layak dapatkan digantikan keberkahan jalan,10
kakak jalan pintu rezeki,10
terdaftar dapodik ppg prajabatan inshallah adaa jalan kaka,10
merasakan disyukuri rejeki jalan,10
kartu sakti mobil esemka nambah hutang kemampuan bayar jual pasir ganjar jateng bablas jalan rusak banjir,10
jalan jalan weda halmahera,10
logika jalan pakhebat,10
surveyor dn perusahaan tambang kerjasamaada uang jalan,10
dpr selesai rapat judulnya sajatapi jalan,10
jalan helikopter lihat hutang habis gali gali,10
makan tidur jalan main bliard,10
jalan jalan habiskan uang,10
benartetap ber jalan,10
alhamdulilah rizki atur jalan,10
ngerasain pemasukan pasan pengeluaran jalan bos,10
diwakili makan enak jalan diluar negri,10
smpai jalan banjir mulu hujan pinggiran kota,10
tidur jalan japan kerja kah,10
tanggung jwb konstituen jalan solopurwodadi silahkan cek sapa kordinasi gubernur memperbaiki,10
percaya percaya portal jalan sakit,10
ngopi tdur nonton jalan main bilyard contoh cool rambo,10
emng dpr jalan nyalon bru nyari turun jalan,10
kerjanya jalan negeri alasan studi banding,10
imak bgtu tantangan diluar mak esaya jalan keluarnya mak,10
pantesan jalan raya negara konoha gx perubahan,10
hukum alam jalan masuk menjerat,10
modal skrol hpbisa liat jalan lapindoomksih,10
jalan karlaaaprtw,10
serasa jalan diatas lumpur lapindo,10
kaget liat video tyt seluas inget jalan tol selokan doangskrg serem,10
serem ngingetin kiamat dronenya jalan,10
pulkam mampir sidoarjo atap rumah lumpur jalan,10
mudahkanlah urusannya jalan terbaik pejuang generasi muda tsb,10
jalan gojek anak lahir selamat sehat,10
hangus juta tiket pesawat pp thailand jalan visa lengkap imigrasi indo sehat,10
tunggu bupatisaya perbaiki jalan rakyat makmurdan sejahterakatanya,10
digigit tikus jalan bg uang rakyat,10
rakyat turun jalan perubahan,10
bantuan perbaikan jalan daerah rakyat anggota dewan pemda pemda pusat ajh,10
